{
  "n_prompts": 50,
  "max_new_tokens": 100,
  "batch_size": 8,
  "results": {
    "serial": {
      "time": 85.85255551338196,
      "gen_tokens": 4121,
      "qps": 0.5823938460656122,
      "tps": 48.00090079272776
    },
    "batch": {
      "time": 19.664259672164917,
      "gen_tokens": 4286,
      "qps": 2.542684079318573,
      "tps": 217.9588792791881
    },
    "vllm": {
      "time": 1.4087600708007812,
      "gen_tokens": 3551,
      "qps": 35.49220412783173,
      "tps": 2520.656337158609
    }
  }
}